{
    "operator": "+",
    "operands": [
        {
            "operator": "*",
            "operands": [
                [
                    [1, 2, 3],
                    [4, 5, 6]
                ],
                {
                    "operator": "-",
                    "operands": [
                        [
                            [7,  8 ],
                            [9,  10],
                            [11, 12]
                        ]
                    ]
                }
            ]
        },
        [
            [13, 14],
            [15, 16]
        ],
        {
            "operator": "T",
            "operands": [
                [
                    [17, 18],
                    [19, 20]
                ]
            ]
        }
    ]
}
