{
  "operator": "+",
  "operands": [

    {
      "operator": "-",
      "operands": [
        {
          "operator": "T",
          "operands": [
            [
              [1, 2, 3, 4, 5, 6, 7],
              [8, 9, 10, 11, 12, 13, 14],
              [15, 16, 17, 18, 19, 20, 21],
              [22, 23, 24, 25, 26, 27, 28],
              [29, 30, 31, 32, 33, 34, 35],
              [36, 37, 38, 39, 40, 41, 42],
              [43, 44, 45, 46, 47, 48, 49]
            ]
          ]
        }
      ]
    },

    {
      "operator": "*",
      "operands": [
        [
          [1, 2, 3, 4, 5, 6, 7, 8],
          [9, 10, 11, 12, 13, 14, 15, 16],
          [17, 18, 19, 20, 21, 22, 23, 24],
          [25, 26, 27, 28, 29, 30, 31, 32],
          [33, 34, 35, 36, 37, 38, 39, 40],
          [41, 42, 43, 44, 45, 46, 47, 48],
          [49, 50, 51, 52, 53, 54, 55, 56]
        ],
        [
          [1, 2, 3, 4, 5, 6, 7],
          [8, 9, 10, 11, 12, 13, 14],
          [15, 16, 17, 18, 19, 20, 21],
          [22, 23, 24, 25, 26, 27, 28],
          [29, 30, 31, 32, 33, 34, 35],
          [36, 37, 38, 39, 40, 41, 42],
          [43, 44, 45, 46, 47, 48, 49],
          [50, 51, 52, 53, 54, 55, 56]
        ]
      ]
    },

    {
      "operator": "*",
      "operands": [
        {
          "operator": "T",
          "operands": [
            [
              [5, 6, 7, 8, 9, 10, 11],
              [12, 13, 14, 15, 16, 17, 18],
              [19, 20, 21, 22, 23, 24, 25],
              [26, 27, 28, 29, 30, 31, 32],
              [33, 34, 35, 36, 37, 38, 39]
            ]
          ]
        },
        {
          "operator": "-",
          "operands": [
            [
              [2, 4, 6, 8, 10, 12, 14],
              [3, 6, 9, 12, 15, 18, 21],
              [4, 8, 12, 16, 20, 24, 28],
              [5, 10, 15, 20, 25, 30, 35],
              [6, 12, 18, 24, 30, 36, 42]
            ]
          ]
        }
      ]
    }

  ]
}
